<?xml version="1.0" encoding="UTF-8"?>
<project-private xmlns="http://www.netbeans.org/ns/project-private/1">
    <editor-bookmarks xmlns="http://www.netbeans.org/ns/editor-bookmarks/2" lastBookmarkId="0"/>
    <open-files xmlns="http://www.netbeans.org/ns/projectui-open-files/2">
        <group>
            <file>file:/D:/Progra/Parqueadero/src/Registro.java</file>
            <file>file:/D:/Progra/Parqueadero/src/Conexcion/Datos.java</file>
            <file>file:/D:/Progra/Parqueadero/src/Factura.java</file>
        </group>
    </open-files>
</project-private>
